{"cameraMode":{"drawMode":0,"name":"Shaded","section":"Shading Mode"},"sceneLighting":false,"audioPlay":false,"sceneViewState":{"m_AlwaysRefresh":false,"showFog":true,"showSkybox":false,"showFlares":true,"showImageEffects":true,"showParticleSystems":true,"showVisualEffectGraphs":true,"m_FxEnabled":true},"in2DMode":false,"pivot":{"x":1.64369535446167,"y":10.176397323608399,"z":1.185760498046875},"rotation":{"x":0.03747884929180145,"y":0.026078876107931138,"z":-0.000987192732281983,"w":0.9989665746688843},"size":53.42499923706055,"orthographic":false}