{"cameraMode":{"drawMode":0,"name":"Shaded","section":"Shading Mode"},"sceneLighting":false,"audioPlay":false,"sceneViewState":{"m_AlwaysRefresh":false,"showFog":true,"showSkybox":false,"showFlares":true,"showImageEffects":true,"showParticleSystems":true,"showVisualEffectGraphs":true,"m_FxEnabled":true},"in2DMode":false,"pivot":{"x":0.11746001243591309,"y":-0.15615522861480714,"z":0.1871260404586792},"rotation":{"x":-0.12390358746051789,"y":0.6541006565093994,"z":-0.1096409484744072,"w":-0.7381700873374939},"size":2.736539363861084,"orthographic":false}