{"cameraMode":{"drawMode":0,"name":"Shaded","section":"Shading Mode"},"sceneLighting":false,"audioPlay":false,"sceneViewState":{"m_AlwaysRefresh":false,"showFog":true,"showSkybox":false,"showFlares":true,"showImageEffects":true,"showParticleSystems":true,"showVisualEffectGraphs":true,"m_FxEnabled":true},"in2DMode":false,"pivot":{"x":-0.0255279541015625,"y":2.0089054107666017,"z":0.022194966673851014},"rotation":{"x":0.020846910774707795,"y":-0.9735307097434998,"z":0.0984518975019455,"w":0.20538021624088288},"size":3.6573173999786379,"orthographic":false}