{"cameraMode":{"drawMode":0,"name":"Shaded","section":"Shading Mode"},"sceneLighting":false,"audioPlay":false,"sceneViewState":{"m_AlwaysRefresh":false,"showFog":true,"showSkybox":false,"showFlares":true,"showImageEffects":true,"showParticleSystems":true,"showVisualEffectGraphs":true,"m_FxEnabled":true},"in2DMode":false,"pivot":{"x":0.09640085697174072,"y":1.4650163650512696,"z":1.2288594245910645},"rotation":{"x":-0.1819869428873062,"y":0.6656562089920044,"z":-0.17216666042804719,"w":-0.7030338048934937},"size":3.215078830718994,"orthographic":false}