{"cameraMode":{"drawMode":0,"name":"Shaded","section":"Shading Mode"},"sceneLighting":false,"audioPlay":false,"sceneViewState":{"m_AlwaysRefresh":false,"showFog":true,"showSkybox":false,"showFlares":true,"showImageEffects":true,"showParticleSystems":true,"showVisualEffectGraphs":true,"m_FxEnabled":true},"in2DMode":false,"pivot":{"x":480.6351318359375,"y":286.0344543457031,"z":41.570220947265628},"rotation":{"x":0.18240667879581452,"y":0.13203425705432893,"z":-0.024625668302178384,"w":0.9740874171257019},"size":276.7515869140625,"orthographic":false}