{"cameraMode":{"drawMode":0,"name":"Shaded","section":"Shading Mode"},"sceneLighting":false,"audioPlay":false,"sceneViewState":{"m_AlwaysRefresh":false,"showFog":true,"showSkybox":false,"showFlares":true,"showImageEffects":true,"showParticleSystems":true,"showVisualEffectGraphs":true,"m_FxEnabled":true},"in2DMode":false,"pivot":{"x":-0.005914118140935898,"y":0.16071633994579316,"z":0.02108941227197647},"rotation":{"x":-0.035359520465135577,"y":0.9314262270927429,"z":-0.09423160552978516,"w":-0.3499178886413574},"size":0.17674914002418519,"orthographic":false}