{"cameraMode":{"drawMode":0,"name":"Shaded","section":"Shading Mode"},"sceneLighting":false,"audioPlay":false,"sceneViewState":{"m_AlwaysRefresh":false,"showFog":true,"showSkybox":false,"showFlares":true,"showImageEffects":true,"showParticleSystems":true,"showVisualEffectGraphs":true,"m_FxEnabled":true},"in2DMode":false,"pivot":{"x":0.05965542793273926,"y":0.39028599858283999,"z":-0.01033872365951538},"rotation":{"x":0.020846910774707795,"y":-0.9735307097434998,"z":0.0984518975019455,"w":0.20538021624088288},"size":2.2299323081970217,"orthographic":false}