{"cameraMode":{"drawMode":0,"name":"Shaded","section":"Shading Mode"},"sceneLighting":true,"audioPlay":false,"sceneViewState":{"m_AlwaysRefresh":false,"showFog":true,"showSkybox":true,"showFlares":true,"showImageEffects":true,"showParticleSystems":true,"showVisualEffectGraphs":true,"m_FxEnabled":true},"in2DMode":false,"pivot":{"x":-1.7651041746139527,"y":7.519999980926514,"z":155.10772705078126},"rotation":{"x":-0.015767406672239305,"y":-0.13041523098945619,"z":-0.002036556601524353,"w":0.9914130568504334},"size":9.505073547363282,"orthographic":false}