{"cameraMode":{"drawMode":0,"name":"Shaded","section":"Shading Mode"},"sceneLighting":true,"audioPlay":false,"sceneViewState":{"m_AlwaysRefresh":false,"showFog":true,"showSkybox":true,"showFlares":true,"showImageEffects":true,"showParticleSystems":true,"showVisualEffectGraphs":true,"m_FxEnabled":true},"in2DMode":false,"pivot":{"x":-21.567550659179689,"y":117.49108123779297,"z":41.281768798828128},"rotation":{"x":-0.13205043971538545,"y":0.5619704723358154,"z":0.09159845113754273,"w":0.8114873766899109},"size":79.4651107788086,"orthographic":false}