{"cameraMode":{"drawMode":0,"name":"Shaded","section":"Shading Mode"},"sceneLighting":true,"audioPlay":false,"sceneViewState":{"m_AlwaysRefresh":false,"showFog":true,"showSkybox":true,"showFlares":true,"showImageEffects":true,"showParticleSystems":true,"showVisualEffectGraphs":true,"m_FxEnabled":true},"in2DMode":false,"pivot":{"x":10.063814163208008,"y":6.860574722290039,"z":158.56964111328126},"rotation":{"x":0.05904944986104965,"y":0.029660530388355256,"z":-0.0016398514853790403,"w":0.9978883266448975},"size":4.184587001800537,"orthographic":false}