{"cameraMode":{"drawMode":0,"name":"Shaded","section":"Shading Mode"},"sceneLighting":true,"audioPlay":false,"sceneViewState":{"m_AlwaysRefresh":false,"showFog":true,"showSkybox":true,"showFlares":true,"showImageEffects":true,"showParticleSystems":true,"showVisualEffectGraphs":true,"m_FxEnabled":true},"in2DMode":false,"pivot":{"x":-22.777894973754884,"y":14.525650024414063,"z":40.56245803833008},"rotation":{"x":0.008341471664607525,"y":0.28606942296028139,"z":0.002432397799566388,"w":-0.95824134349823},"size":11.689103126525879,"orthographic":false}