{"cameraMode":{"drawMode":0,"name":"Shaded","section":"Shading Mode"},"sceneLighting":true,"audioPlay":false,"sceneViewState":{"m_AlwaysRefresh":false,"showFog":true,"showSkybox":true,"showFlares":true,"showImageEffects":true,"showParticleSystems":true,"showVisualEffectGraphs":true,"m_FxEnabled":true},"in2DMode":false,"pivot":{"x":17.10306167602539,"y":-135.4852294921875,"z":-182.39083862304688},"rotation":{"x":-0.030349483713507654,"y":0.9503075480461121,"z":-0.2939678132534027,"w":-0.09815181791782379},"size":189.19952392578126,"orthographic":false}