{"cameraMode":{"drawMode":0,"name":"Shaded","section":"Shading Mode"},"sceneLighting":false,"audioPlay":false,"sceneViewState":{"m_AlwaysRefresh":false,"showFog":true,"showSkybox":false,"showFlares":true,"showImageEffects":true,"showParticleSystems":true,"showVisualEffectGraphs":true,"m_FxEnabled":true},"in2DMode":false,"pivot":{"x":-1.99808669090271,"y":-0.5727641582489014,"z":0.19823837280273438},"rotation":{"x":-0.0017508096061646939,"y":0.9832720160484314,"z":-0.1819770783185959,"w":-0.009440968744456768},"size":3.9314231872558595,"orthographic":false}