{"cameraMode":{"drawMode":0,"name":"Shaded","section":"Shading Mode"},"sceneLighting":false,"audioPlay":false,"sceneViewState":{"m_AlwaysRefresh":false,"showFog":true,"showSkybox":false,"showFlares":true,"showImageEffects":true,"showParticleSystems":true,"showVisualEffectGraphs":true,"m_FxEnabled":true},"in2DMode":false,"pivot":{"x":0.01677316427230835,"y":2.431941509246826,"z":-0.0045247673988342289},"rotation":{"x":0.020846910774707795,"y":-0.9735307097434998,"z":0.0984518975019455,"w":0.20538021624088288},"size":2.448880195617676,"orthographic":false}