{"cameraMode":{"drawMode":0,"name":"Shaded","section":"Shading Mode"},"sceneLighting":false,"audioPlay":false,"sceneViewState":{"m_AlwaysRefresh":false,"showFog":true,"showSkybox":false,"showFlares":true,"showImageEffects":true,"showParticleSystems":true,"showVisualEffectGraphs":true,"m_FxEnabled":true},"in2DMode":false,"pivot":{"x":1.2576369047164918,"y":2.157231569290161,"z":-0.5036008954048157},"rotation":{"x":-0.06591236591339112,"y":0.10252972692251206,"z":-0.006848857272416353,"w":-0.9925829768180847},"size":1.455108404159546,"orthographic":false}